{
  "annotations": {
    "list": [
      {
        "$$hashKey": "object:20",
        "builtIn": 1,
        "datasource": {
          "type": "datasource",
          "uid": "grafana"
        },
        "enable": true,
        "hide": true,
        "iconColor": "rgba(0, 211, 255, 1)",
        "name": "Annotations & Alerts",
        "target": {
          "limit": 100,
          "matchAny": false,
          "tags": [],
          "type": "dashboard"
        },
        "type": "dashboard"
      }
    ]
  },
  "description": "支持Grafana 8，基于blackbox_exporter 0.19.0设计；采用图表+曲线图方式展示TCP，ICMP，HTTPS的服务状态，各阶段请求延时，HTTPS证书信息等；优化展示效果，支持监控目标的分组、分类级联展示，多服务同时对比展示。",
  "editable": true,
  "fiscalYearStartMonth": 0,
  "gnetId": 9965,
  "graphTooltip": 0,
  "id": 19,
  "links": [
    {
      "asDropdown": false,
      "icon": "bolt",
      "includeVars": false,
      "keepTime": false,
      "tags": [],
      "targetBlank": true,
      "title": "Update",
      "tooltip": "",
      "type": "link",
      "url": "https://grafana.com/dashboards/9965"
    },
    {
      "asDropdown": false,
      "icon": "question",
      "includeVars": false,
      "keepTime": false,
      "tags": [],
      "targetBlank": true,
      "title": "GitHub",
      "tooltip": "",
      "type": "link",
      "url": "https://github.com/starsliao/ConsulManager"
    }
  ],
  "liveNow": false,
  "panels": [
    {
      "collapsed": false,
      "datasource": {
        "type": "prometheus",
        "uid": "prometheus"
      },
      "gridPos": {
        "h": 1,
        "w": 24,
        "x": 0,
        "y": 0
      },
      "id": 2422,
      "panels": [],
      "targets": [
        {
          "datasource": {
            "type": "prometheus",
            "uid": "prometheus"
          },
          "refId": "A"
        }
      ],
      "title": "总览",
      "type": "row"
    },
    {
      "datasource": {
        "type": "prometheus",
        "uid": "prometheus"
      },
      "description": "注意：对于有重定向的URL，如果重定向后的域名与检查的域名不同，则检查的证书信息为重定向后的域名证书信息。如果需要检查源域名信息，请在blackbox中增加禁止重定向参数。",
      "fieldConfig": {
        "defaults": {
          "color": {
            "mode": "thresholds"
          },
          "custom": {
            "align": "center",
            "cellOptions": {
              "type": "auto"
            },
            "filterable": false,
            "inspect": false
          },
          "decimals": 2,
          "mappings": [],
          "noValue": "无",
          "thresholds": {
            "mode": "absolute",
            "steps": [
              {
                "color": "green",
                "value": null
              },
              {
                "color": "red",
                "value": 80
              }
            ]
          },
          "unit": "short"
        },
        "overrides": [
          {
            "matcher": {
              "id": "byName",
              "options": "公司"
            },
            "properties": [
              {
                "id": "custom.width",
                "value": 82
              }
            ]
          },
          {
            "matcher": {
              "id": "byName",
              "options": "项目"
            },
            "properties": [
              {
                "id": "custom.width",
                "value": 129
              }
            ]
          },
          {
            "matcher": {
              "id": "byName",
              "options": "环境"
            },
            "properties": [
              {
                "id": "custom.width",
                "value": 66
              }
            ]
          },
          {
            "matcher": {
              "id": "byName",
              "options": "类型"
            },
            "properties": [
              {
                "id": "custom.width",
                "value": 85
              }
            ]
          },
          {
            "matcher": {
              "id": "byName",
              "options": "名称"
            },
            "properties": [
              {
                "id": "custom.width",
                "value": 165
              },
              {
                "id": "custom.filterable",
                "value": true
              }
            ]
          },
          {
            "matcher": {
              "id": "byName",
              "options": "连通性"
            },
            "properties": [
              {
                "id": "custom.width",
                "value": 88
              },
              {
                "id": "mappings",
                "value": [
                  {
                    "options": {
                      "0": {
                        "color": "red",
                        "index": 1,
                        "text": "离线"
                      },
                      "1": {
                        "color": "green",
                        "index": 0,
                        "text": "在线"
                      }
                    },
                    "type": "value"
                  }
                ]
              },
              {
                "id": "custom.cellOptions",
                "value": {
                  "mode": "gradient",
                  "type": "color-background"
                }
              }
            ]
          },
          {
            "matcher": {
              "id": "byName",
              "options": "状态"
            },
            "properties": [
              {
                "id": "custom.width",
                "value": 61
              },
              {
                "id": "decimals",
                "value": 0
              },
              {
                "id": "thresholds",
                "value": {
                  "mode": "absolute",
                  "steps": [
                    {
                      "color": "green",
                      "value": null
                    },
                    {
                      "color": "#EAB839",
                      "value": 400
                    },
                    {
                      "color": "red",
                      "value": 500
                    }
                  ]
                }
              },
              {
                "id": "custom.cellOptions",
                "value": {
                  "mode": "gradient",
                  "type": "color-background"
                }
              },
              {
                "id": "mappings",
                "value": [
                  {
                    "options": {
                      "match": "null",
                      "result": {
                        "color": "red",
                        "index": 0,
                        "text": "无"
                      }
                    },
                    "type": "special"
                  }
                ]
              }
            ]
          },
          {
            "matcher": {
              "id": "byName",
              "options": "证书(天)"
            },
            "properties": [
              {
                "id": "custom.width",
                "value": 70
              },
              {
                "id": "unit",
                "value": "none"
              },
              {
                "id": "thresholds",
                "value": {
                  "mode": "absolute",
                  "steps": [
                    {
                      "color": "red",
                      "value": null
                    },
                    {
                      "color": "#EAB839",
                      "value": 15
                    },
                    {
                      "color": "green",
                      "value": 30
                    }
                  ]
                }
              },
              {
                "id": "custom.cellOptions",
                "value": {
                  "mode": "gradient",
                  "type": "color-background"
                }
              },
              {
                "id": "decimals",
                "value": 0
              }
            ]
          },
          {
            "matcher": {
              "id": "byName",
              "options": "http版本"
            },
            "properties": [
              {
                "id": "custom.width",
                "value": 85
              },
              {
                "id": "custom.cellOptions",
                "value": {
                  "mode": "gradient",
                  "type": "color-background"
                }
              },
              {
                "id": "decimals",
                "value": 1
              },
              {
                "id": "thresholds",
                "value": {
                  "mode": "absolute",
                  "steps": [
                    {
                      "color": "red",
                      "value": null
                    },
                    {
                      "color": "yellow",
                      "value": 1.1
                    },
                    {
                      "color": "green",
                      "value": 2
                    }
                  ]
                }
              }
            ]
          },
          {
            "matcher": {
              "id": "byName",
              "options": "耗时"
            },
            "properties": [
              {
                "id": "custom.width",
                "value": 123
              },
              {
                "id": "unit",
                "value": "s"
              },
              {
                "id": "custom.cellOptions",
                "value": {
                  "mode": "gradient",
                  "type": "gauge"
                }
              },
              {
                "id": "decimals",
                "value": 1
              },
              {
                "id": "max",
                "value": 0.5
              },
              {
                "id": "color",
                "value": {
                  "mode": "continuous-GrYlRd"
                }
              }
            ]
          },
          {
            "matcher": {
              "id": "byName",
              "options": "1H可用%"
            },
            "properties": [
              {
                "id": "custom.width",
                "value": 103
              },
              {
                "id": "unit",
                "value": "percentunit"
              },
              {
                "id": "decimals"
              },
              {
                "id": "thresholds",
                "value": {
                  "mode": "absolute",
                  "steps": [
                    {
                      "color": "red",
                      "value": null
                    },
                    {
                      "color": "yellow",
                      "value": 0.9
                    },
                    {
                      "color": "green",
                      "value": 0.99
                    }
                  ]
                }
              },
              {
                "id": "custom.cellOptions",
                "value": {
                  "mode": "basic",
                  "type": "gauge"
                }
              },
              {
                "id": "max",
                "value": 1
              },
              {
                "id": "color",
                "value": {
                  "mode": "thresholds"
                }
              }
            ]
          },
          {
            "matcher": {
              "id": "byName",
              "options": "实例"
            },
            "properties": [
              {
                "id": "custom.width"
              },
              {
                "id": "custom.align",
                "value": "auto"
              }
            ]
          },
          {
            "matcher": {
              "id": "byRegexp",
              "options": "/连通性|状态|证书\\(天\\)|http版本|耗时|1H可用%|TLS版本|DNS/"
            },
            "properties": [
              {
                "id": "custom.align",
                "value": "center"
              }
            ]
          },
          {
            "matcher": {
              "id": "byName",
              "options": "实例"
            },
            "properties": [
              {
                "id": "links",
                "value": [
                  {
                    "targetBlank": true,
                    "title": "${__data.fields.名称}",
                    "url": "${__data.fields.实例}"
                  }
                ]
              },
              {
                "id": "custom.filterable",
                "value": true
              }
            ]
          },
          {
            "matcher": {
              "id": "byName",
              "options": "TLS版本"
            },
            "properties": [
              {
                "id": "custom.width",
                "value": 81
              },
              {
                "id": "mappings",
                "value": [
                  {
                    "options": {
                      "TLS 1.0": {
                        "color": "red",
                        "index": 0,
                        "text": "1.0"
                      },
                      "TLS 1.1": {
                        "color": "yellow",
                        "index": 1,
                        "text": "1.1"
                      },
                      "TLS 1.2": {
                        "color": "green",
                        "index": 2,
                        "text": "1.2"
                      },
                      "TLS 1.3": {
                        "color": "green",
                        "index": 3,
                        "text": "1.3"
                      }
                    },
                    "type": "value"
                  }
                ]
              },
              {
                "id": "custom.cellOptions",
                "value": {
                  "mode": "gradient",
                  "type": "color-background"
                }
              },
              {
                "id": "thresholds",
                "value": {
                  "mode": "absolute",
                  "steps": [
                    {
                      "color": "red",
                      "value": null
                    }
                  ]
                }
              }
            ]
          },
          {
            "matcher": {
              "id": "byName",
              "options": "DNS"
            },
            "properties": [
              {
                "id": "unit",
                "value": "s"
              },
              {
                "id": "custom.width",
                "value": 73
              },
              {
                "id": "custom.cellOptions",
                "value": {
                  "mode": "gradient",
                  "type": "color-background"
                }
              },
              {
                "id": "decimals"
              },
              {
                "id": "thresholds",
                "value": {
                  "mode": "absolute",
                  "steps": [
                    {
                      "color": "green",
                      "value": null
                    },
                    {
                      "color": "#EAB839",
                      "value": 0.01
                    },
                    {
                      "color": "red",
                      "value": 0.02
                    }
                  ]
                }
              }
            ]
          },
          {
            "matcher": {
              "id": "byName",
              "options": "重定向"
            },
            "properties": [
              {
                "id": "custom.width",
                "value": 60
              },
              {
                "id": "decimals",
                "value": 0
              },
              {
                "id": "mappings",
                "value": [
                  {
                    "options": {
                      "0": {
                        "color": "blue",
                        "index": 0,
                        "text": "无"
                      },
                      "1": {
                        "index": 1,
                        "text": "1次"
                      },
                      "2": {
                        "index": 2,
                        "text": "2次"
                      },
                      "3": {
                        "index": 3,
                        "text": "3次"
                      },
                      "4": {
                        "index": 4,
                        "text": "4次"
                      },
                      "5": {
                        "index": 5,
                        "text": "5次"
                      }
                    },
                    "type": "value"
                  }
                ]
              },
              {
                "id": "custom.cellOptions",
                "value": {
                  "mode": "gradient",
                  "type": "color-background"
                }
              },
              {
                "id": "thresholds",
                "value": {
                  "mode": "absolute",
                  "steps": [
                    {
                      "color": "orange",
                      "value": null
                    }
                  ]
                }
              }
            ]
          }
        ]
      },
      "gridPos": {
        "h": 9,
        "w": 24,
        "x": 0,
        "y": 1
      },
      "id": 2414,
      "options": {
        "cellHeight": "sm",
        "footer": {
          "countRows": false,
          "enablePagination": false,
          "fields": "",
          "reducer": [
            "sum"
          ],
          "show": false
        },
        "showHeader": true,
        "sortBy": [
          {
            "desc": false,
            "displayName": "实例"
          }
        ]
      },
      "pluginVersion": "10.4.1",
      "repeatDirection": "h",
      "targets": [
        {
          "datasource": {
            "type": "prometheus",
            "uid": "prometheus"
          },
          "exemplar": false,
          "expr": "probe_success{module=~\"$module\",company=~\"$company\",project=~\"$project\",env=~\"$env\",name=~\"$name\",instance=~\"$instance\",instance=~\".*$sname.*\"} - 0",
          "format": "table",
          "hide": false,
          "instant": true,
          "interval": "",
          "intervalFactor": 1,
          "legendFormat": "",
          "refId": "A"
        },
        {
          "datasource": {
            "type": "prometheus",
            "uid": "prometheus"
          },
          "exemplar": false,
          "expr": "probe_http_status_code{module=~\"$module\",company=~\"$company\",project=~\"$project\",env=~\"$env\",name=~\"$name\",instance=~\"$instance\",instance=~\".*$sname.*\"} - 0",
          "format": "table",
          "hide": false,
          "instant": true,
          "interval": "",
          "intervalFactor": 1,
          "legendFormat": "",
          "refId": "C"
        },
        {
          "datasource": {
            "type": "prometheus",
            "uid": "prometheus"
          },
          "exemplar": false,
          "expr": "(probe_ssl_earliest_cert_expiry{module=~\"$module\",company=~\"$company\",project=~\"$project\",env=~\"$env\",name=~\"$name\",instance=~\"$instance\",instance=~\".*$sname.*\"}-time())/3600/24",
          "format": "table",
          "hide": false,
          "instant": true,
          "interval": "",
          "intervalFactor": 1,
          "legendFormat": "",
          "refId": "D"
        },
        {
          "datasource": {
            "type": "prometheus",
            "uid": "prometheus"
          },
          "exemplar": false,
          "expr": "probe_http_version{module=~\"$module\",company=~\"$company\",project=~\"$project\",env=~\"$env\",name=~\"$name\",instance=~\"$instance\",instance=~\".*$sname.*\"} - 0",
          "format": "table",
          "hide": false,
          "instant": true,
          "interval": "",
          "legendFormat": "",
          "refId": "E"
        },
        {
          "datasource": {
            "type": "prometheus",
            "uid": "prometheus"
          },
          "exemplar": false,
          "expr": "probe_duration_seconds{module=~\"$module\",company=~\"$company\",project=~\"$project\",env=~\"$env\",name=~\"$name\",instance=~\"$instance\",instance=~\".*$sname.*\"} - 0",
          "format": "table",
          "hide": false,
          "instant": true,
          "interval": "",
          "legendFormat": "",
          "refId": "F"
        },
        {
          "datasource": {
            "type": "prometheus",
            "uid": "prometheus"
          },
          "exemplar": false,
          "expr": "sum_over_time(probe_success{module=~\"$module\",company=~\"$company\",project=~\"$project\",env=~\"$env\",name=~\"$name\",instance=~\"$instance\",instance=~\".*$sname.*\"}[60m])/count_over_time(probe_success{module=~\"$module\",company=~\"$company\",project=~\"$project\",env=~\"$env\",name=~\"$name\",instance=~\"$instance\",instance=~\".*$sname.*\"}[60m])",
          "format": "table",
          "hide": false,
          "instant": true,
          "interval": "",
          "legendFormat": "",
          "refId": "G"
        },
        {
          "datasource": {
            "type": "prometheus",
            "uid": "prometheus"
          },
          "exemplar": false,
          "expr": "probe_tls_version_info{module=~\"$module\",company=~\"$company\",project=~\"$project\",env=~\"$env\",name=~\"$name\",instance=~\"$instance\",instance=~\".*$sname.*\"}",
          "format": "table",
          "hide": false,
          "instant": true,
          "interval": "",
          "legendFormat": "",
          "refId": "B"
        },
        {
          "datasource": {
            "type": "prometheus",
            "uid": "prometheus"
          },
          "exemplar": false,
          "expr": "probe_dns_lookup_time_seconds{module=~\"$module\",company=~\"$company\",project=~\"$project\",env=~\"$env\",name=~\"$name\",instance=~\"$instance\",instance=~\".*$sname.*\"}-0",
          "format": "table",
          "hide": false,
          "instant": true,
          "interval": "",
          "legendFormat": "",
          "refId": "H"
        },
        {
          "datasource": {
            "type": "prometheus",
            "uid": "prometheus"
          },
          "exemplar": false,
          "expr": "probe_http_redirects{module=~\"$module\",company=~\"$company\",project=~\"$project\",env=~\"$env\",name=~\"$name\",instance=~\"$instance\",instance=~\".*$sname.*\"}-0",
          "format": "table",
          "hide": false,
          "instant": true,
          "interval": "",
          "legendFormat": "",
          "refId": "I"
        }
      ],
      "title": "状态明细，资源数量：$count",
      "transformations": [
        {
          "id": "merge",
          "options": {}
        },
        {
          "id": "organize",
          "options": {
            "excludeByName": {
              "Time": true,
              "Value #A": false,
              "Value #B": true,
              "__name__": true,
              "job": true,
              "origin_prometheus": true
            },
            "indexByName": {
              "Time": 1,
              "Value #A": 9,
              "Value #B": 19,
              "Value #C": 10,
              "Value #D": 17,
              "Value #E": 16,
              "Value #F": 12,
              "Value #G": 13,
              "Value #H": 14,
              "Value #I": 11,
              "__name__": 18,
              "company": 4,
              "env": 6,
              "instance": 8,
              "job": 3,
              "module": 2,
              "name": 7,
              "origin_prometheus": 0,
              "project": 5,
              "version": 15
            },
            "renameByName": {
              "Value #A": "连通性",
              "Value #B": "",
              "Value #C": "状态",
              "Value #D": "证书(天)",
              "Value #E": "http版本",
              "Value #F": "耗时",
              "Value #G": "1H可用%",
              "Value #H": "DNS",
              "Value #I": "重定向",
              "company": "公司",
              "env": "环境",
              "instance": "实例",
              "job": "",
              "module": "类型",
              "name": "名称",
              "project": "项目",
              "version": "TLS版本"
            }
          }
        },
        {
          "id": "filterByValue",
          "options": {
            "filters": [
              {
                "config": {
                  "id": "isNull",
                  "options": {}
                },
                "fieldName": "连通性"
              },
              {
                "config": {
                  "id": "isNull",
                  "options": {}
                },
                "fieldName": "状态"
              }
            ],
            "match": "all",
            "type": "exclude"
          }
        }
      ],
      "type": "table"
    },
    {
      "collapsed": false,
      "datasource": {
        "type": "prometheus",
        "uid": "prometheus"
      },
      "gridPos": {
        "h": 1,
        "w": 24,
        "x": 0,
        "y": 10
      },
      "id": 2429,
      "panels": [],
      "targets": [
        {
          "datasource": {
            "type": "prometheus",
            "uid": "prometheus"
          },
          "refId": "A"
        }
      ],
      "title": "明细 $name",
      "type": "row"
    },
    {
      "datasource": {
        "type": "prometheus",
        "uid": "prometheus"
      },
      "fieldConfig": {
        "defaults": {
          "color": {
            "mode": "palette-classic"
          },
          "custom": {
            "hideFrom": {
              "legend": false,
              "tooltip": false,
              "viz": false
            }
          },
          "mappings": [
            {
              "options": {
                "0": {
                  "index": 1,
                  "text": "离线"
                },
                "1": {
                  "index": 0,
                  "text": "在线"
                }
              },
              "type": "value"
            }
          ],
          "unit": "none"
        },
        "overrides": []
      },
      "gridPos": {
        "h": 6,
        "w": 4,
        "x": 0,
        "y": 11
      },
      "id": 2427,
      "options": {
        "displayLabels": [
          "name",
          "percent",
          "value"
        ],
        "legend": {
          "calcs": [],
          "displayMode": "list",
          "placement": "bottom",
          "showLegend": false,
          "values": [
            "value",
            "percent"
          ]
        },
        "pieType": "pie",
        "reduceOptions": {
          "calcs": [
            "count"
          ],
          "fields": "",
          "values": true
        },
        "tooltip": {
          "mode": "multi",
          "sort": "none"
        }
      },
      "targets": [
        {
          "datasource": {
            "type": "prometheus",
            "uid": "prometheus"
          },
          "exemplar": false,
          "expr": "count_values('value',probe_success{module=~\"$module\",company=~\"$company\",project=~\"$project\",env=~\"$env\",name=~\"$name\",instance=~\"$instance\",instance=~\".*$sname.*\"})",
          "format": "table",
          "instant": true,
          "interval": "",
          "legendFormat": "",
          "refId": "A"
        }
      ],
      "title": "连通性占比",
      "type": "piechart"
    },
    {
      "aliasColors": {},
      "bars": false,
      "dashLength": 10,
      "dashes": false,
      "datasource": {
        "type": "prometheus",
        "uid": "prometheus"
      },
      "decimals": 0,
      "fill": 0,
      "fillGradient": 0,
      "gridPos": {
        "h": 9,
        "w": 9,
        "x": 4,
        "y": 11
      },
      "hiddenSeries": false,
      "id": 24,
      "legend": {
        "alignAsTable": true,
        "avg": true,
        "current": true,
        "hideEmpty": false,
        "hideZero": false,
        "max": true,
        "min": false,
        "rightSide": false,
        "show": true,
        "sort": "current",
        "sortDesc": true,
        "total": false,
        "values": true
      },
      "lines": true,
      "linewidth": 1,
      "maxDataPoints": 100,
      "nullPointMode": "null",
      "options": {
        "alertThreshold": false
      },
      "percentage": false,
      "pluginVersion": "10.4.1",
      "pointradius": 1,
      "points": false,
      "renderer": "flot",
      "seriesOverrides": [],
      "spaceLength": 10,
      "stack": false,
      "steppedLine": false,
      "targets": [
        {
          "datasource": {
            "type": "prometheus",
            "uid": "prometheus"
          },
          "exemplar": true,
          "expr": "probe_duration_seconds{module=~\"$module\",company=~\"$company\",project=~\"$project\",env=~\"$env\",name=~\"$name\",instance=~\"$instance\",instance=~\".*$sname.*\"}",
          "format": "time_series",
          "instant": false,
          "interval": "",
          "intervalFactor": 1,
          "legendFormat": "{{env}}_{{name}}",
          "refId": "A"
        }
      ],
      "thresholds": [],
      "timeRegions": [],
      "title": "检测总耗时 $env $name",
      "tooltip": {
        "shared": true,
        "sort": 2,
        "value_type": "individual"
      },
      "type": "graph",
      "xaxis": {
        "mode": "time",
        "show": true,
        "values": []
      },
      "yaxes": [
        {
          "$$hashKey": "object:443",
          "format": "s",
          "logBase": 1,
          "show": true
        },
        {
          "$$hashKey": "object:444",
          "format": "none",
          "logBase": 1,
          "show": false
        }
      ],
      "yaxis": {
        "align": false
      }
    },
    {
      "aliasColors": {},
      "bars": false,
      "dashLength": 10,
      "dashes": false,
      "datasource": {
        "type": "prometheus",
        "uid": "prometheus"
      },
      "fill": 0,
      "fillGradient": 0,
      "gridPos": {
        "h": 16,
        "w": 11,
        "x": 13,
        "y": 11
      },
      "hiddenSeries": false,
      "id": 2420,
      "legend": {
        "alignAsTable": true,
        "avg": true,
        "current": true,
        "hideEmpty": true,
        "hideZero": true,
        "max": true,
        "min": true,
        "rightSide": false,
        "show": true,
        "sort": "current",
        "sortDesc": true,
        "total": false,
        "values": true
      },
      "lines": true,
      "linewidth": 1,
      "maxDataPoints": 100,
      "maxPerRow": 3,
      "nullPointMode": "null",
      "options": {
        "alertThreshold": true
      },
      "percentage": false,
      "pluginVersion": "10.4.1",
      "pointradius": 5,
      "points": false,
      "renderer": "flot",
      "repeatDirection": "h",
      "seriesOverrides": [],
      "spaceLength": 10,
      "stack": false,
      "steppedLine": false,
      "targets": [
        {
          "datasource": {
            "type": "prometheus",
            "uid": "prometheus"
          },
          "exemplar": true,
          "expr": "probe_http_duration_seconds{module=~\"$module\",company=~\"$company\",project=~\"$project\",env=~\"$env\",name=~\"$name\",instance=~\"$instance\",instance=~\".*$sname.*\"}",
          "format": "time_series",
          "hide": false,
          "instant": false,
          "interval": "",
          "intervalFactor": 1,
          "legendFormat": "{{env}}_{{name}} {{phase}}",
          "refId": "B"
        }
      ],
      "thresholds": [],
      "timeRegions": [],
      "title": "ICMP/HTTPS检测类 阶段耗时 $env $name",
      "tooltip": {
        "shared": true,
        "sort": 2,
        "value_type": "individual"
      },
      "type": "graph",
      "xaxis": {
        "mode": "time",
        "show": true,
        "values": []
      },
      "yaxes": [
        {
          "$$hashKey": "object:532",
          "format": "s",
          "logBase": 1,
          "show": true
        },
        {
          "$$hashKey": "object:533",
          "format": "short",
          "logBase": 1,
          "show": false
        }
      ],
      "yaxis": {
        "align": false
      }
    },
    {
      "datasource": {
        "type": "prometheus",
        "uid": "prometheus"
      },
      "fieldConfig": {
        "defaults": {
          "color": {
            "mode": "palette-classic"
          },
          "custom": {
            "hideFrom": {
              "legend": false,
              "tooltip": false,
              "viz": false
            }
          },
          "mappings": [],
          "unit": "none"
        },
        "overrides": []
      },
      "gridPos": {
        "h": 10,
        "w": 4,
        "x": 0,
        "y": 17
      },
      "id": 2426,
      "options": {
        "displayLabels": [],
        "legend": {
          "calcs": [],
          "displayMode": "table",
          "placement": "bottom",
          "showLegend": true,
          "sortBy": "Percent",
          "sortDesc": true,
          "values": [
            "value",
            "percent"
          ]
        },
        "pieType": "pie",
        "reduceOptions": {
          "calcs": [
            "count"
          ],
          "fields": "",
          "values": true
        },
        "tooltip": {
          "mode": "multi",
          "sort": "none"
        }
      },
      "targets": [
        {
          "datasource": {
            "type": "prometheus",
            "uid": "prometheus"
          },
          "exemplar": false,
          "expr": "count_values('value',probe_http_status_code{module=~\"$module\",company=~\"$company\",project=~\"$project\",env=~\"$env\",name=~\"$name\",instance=~\"$instance\",instance=~\".*$sname.*\"})",
          "format": "table",
          "instant": true,
          "interval": "",
          "legendFormat": "",
          "refId": "A"
        }
      ],
      "title": "HTTP 状态占比",
      "type": "piechart"
    },
    {
      "aliasColors": {},
      "bars": false,
      "dashLength": 10,
      "dashes": false,
      "datasource": {
        "type": "prometheus",
        "uid": "prometheus"
      },
      "fill": 0,
      "fillGradient": 0,
      "gridPos": {
        "h": 7,
        "w": 9,
        "x": 4,
        "y": 20
      },
      "hiddenSeries": false,
      "id": 28,
      "legend": {
        "alignAsTable": true,
        "avg": false,
        "current": true,
        "max": true,
        "min": true,
        "rightSide": false,
        "show": true,
        "sort": "current",
        "sortDesc": true,
        "total": false,
        "values": true
      },
      "lines": false,
      "linewidth": 1,
      "maxDataPoints": 100,
      "maxPerRow": 3,
      "nullPointMode": "null",
      "options": {
        "alertThreshold": true
      },
      "percentage": false,
      "pluginVersion": "10.4.1",
      "pointradius": 1,
      "points": true,
      "renderer": "flot",
      "repeatDirection": "h",
      "seriesOverrides": [],
      "spaceLength": 10,
      "stack": false,
      "steppedLine": false,
      "targets": [
        {
          "datasource": {
            "type": "prometheus",
            "uid": "prometheus"
          },
          "exemplar": true,
          "expr": "probe_http_status_code{module=~\"$module\",company=~\"$company\",project=~\"$project\",env=~\"$env\",name=~\"$name\",instance=~\"$instance\",instance=~\".*$sname.*\"}",
          "format": "time_series",
          "hide": false,
          "interval": "",
          "intervalFactor": 1,
          "legendFormat": "{{env}}_{{name}} ",
          "refId": "B"
        }
      ],
      "thresholds": [],
      "timeRegions": [],
      "title": "网站HTTP状态检查 $env $name",
      "tooltip": {
        "shared": true,
        "sort": 2,
        "value_type": "individual"
      },
      "type": "graph",
      "xaxis": {
        "mode": "time",
        "show": true,
        "values": []
      },
      "yaxes": [
        {
          "$$hashKey": "object:487",
          "format": "short",
          "logBase": 1,
          "show": true
        },
        {
          "$$hashKey": "object:488",
          "format": "short",
          "logBase": 1,
          "show": false
        }
      ],
      "yaxis": {
        "align": false
      }
    }
  ],
  "refresh": "",
  "schemaVersion": 39,
  "tags": [
    "blacbox_exporter"
  ],
  "templating": {
    "list": [
      {
        "current": {
          "selected": false,
          "text": "All",
          "value": "$__all"
        },
        "datasource": {
          "type": "prometheus",
          "uid": "prometheus"
        },
        "definition": "label_values(probe_success,module)",
        "hide": 0,
        "includeAll": true,
        "label": "类型",
        "multi": false,
        "name": "module",
        "options": [],
        "query": {
          "query": "label_values(probe_success,module)",
          "refId": "StandardVariableQuery"
        },
        "refresh": 1,
        "regex": "/^(?!mongo-exporter)/",
        "skipUrlSync": false,
        "sort": 5,
        "tagValuesQuery": "",
        "tagsQuery": "",
        "type": "query",
        "useTags": false
      },
      {
        "allValue": ".*",
        "current": {
          "selected": false,
          "text": "All",
          "value": "$__all"
        },
        "datasource": {
          "type": "prometheus",
          "uid": "prometheus"
        },
        "definition": "label_values(probe_success{module=~\"$module\"},company)",
        "hide": 0,
        "includeAll": true,
        "label": "公司",
        "multi": false,
        "name": "company",
        "options": [],
        "query": {
          "query": "label_values(probe_success{module=~\"$module\"},company)",
          "refId": "StandardVariableQuery"
        },
        "refresh": 1,
        "regex": "",
        "skipUrlSync": false,
        "sort": 5,
        "tagValuesQuery": "",
        "tagsQuery": "",
        "type": "query",
        "useTags": false
      },
      {
        "current": {
          "selected": false,
          "text": "All",
          "value": "$__all"
        },
        "datasource": {
          "type": "prometheus",
          "uid": "prometheus"
        },
        "definition": "label_values(probe_success{module=~\"$module\",company=~\"$company\"},project)",
        "hide": 0,
        "includeAll": true,
        "label": "项目",
        "multi": false,
        "name": "project",
        "options": [],
        "query": {
          "query": "label_values(probe_success{module=~\"$module\",company=~\"$company\"},project)",
          "refId": "StandardVariableQuery"
        },
        "refresh": 1,
        "regex": "",
        "skipUrlSync": false,
        "sort": 0,
        "type": "query"
      },
      {
        "current": {
          "selected": false,
          "text": "All",
          "value": "$__all"
        },
        "datasource": {
          "type": "prometheus",
          "uid": "prometheus"
        },
        "definition": "label_values(probe_success{module=~\"$module\",company=~\"$company\",project=~\"$project\"},env)",
        "hide": 0,
        "includeAll": true,
        "label": "环境",
        "multi": false,
        "name": "env",
        "options": [],
        "query": {
          "query": "label_values(probe_success{module=~\"$module\",company=~\"$company\",project=~\"$project\"},env)",
          "refId": "StandardVariableQuery"
        },
        "refresh": 1,
        "regex": "",
        "skipUrlSync": false,
        "sort": 0,
        "type": "query"
      },
      {
        "current": {
          "selected": false,
          "text": "All",
          "value": "$__all"
        },
        "datasource": {
          "type": "prometheus",
          "uid": "prometheus"
        },
        "definition": "label_values(probe_success{module=~\"$module\",company=~\"$company\",project=~\"$project\",env=~\"$env\"},name)",
        "hide": 0,
        "includeAll": true,
        "label": "名称",
        "multi": false,
        "name": "name",
        "options": [],
        "query": {
          "query": "label_values(probe_success{module=~\"$module\",company=~\"$company\",project=~\"$project\",env=~\"$env\"},name)",
          "refId": "StandardVariableQuery"
        },
        "refresh": 1,
        "regex": "",
        "skipUrlSync": false,
        "sort": 0,
        "type": "query"
      },
      {
        "current": {
          "selected": false,
          "text": "All",
          "value": "$__all"
        },
        "datasource": {
          "type": "prometheus",
          "uid": "prometheus"
        },
        "definition": "label_values(probe_success{module=~\"$module\",company=~\"$company\",project=~\"$project\",env=~\"$env\",name=~\"$name\"},instance)",
        "hide": 0,
        "includeAll": true,
        "label": "实例",
        "multi": false,
        "name": "instance",
        "options": [],
        "query": {
          "query": "label_values(probe_success{module=~\"$module\",company=~\"$company\",project=~\"$project\",env=~\"$env\",name=~\"$name\"},instance)",
          "refId": "StandardVariableQuery"
        },
        "refresh": 1,
        "regex": "",
        "skipUrlSync": false,
        "sort": 1,
        "tagValuesQuery": "",
        "tagsQuery": "",
        "type": "query",
        "useTags": false
      },
      {
        "current": {
          "selected": false,
          "text": "5",
          "value": "5"
        },
        "datasource": {
          "type": "prometheus",
          "uid": "prometheus"
        },
        "definition": "query_result(count(probe_success{module=~\"$module\",company=~\"$company\",project=~\"$project\",env=~\"$env\",name=~\"$name\",instance=~\"$instance\",instance=~\".*$sname.*\"}))",
        "hide": 2,
        "includeAll": false,
        "label": "",
        "multi": false,
        "name": "count",
        "options": [],
        "query": {
          "query": "query_result(count(probe_success{module=~\"$module\",company=~\"$company\",project=~\"$project\",env=~\"$env\",name=~\"$name\",instance=~\"$instance\",instance=~\".*$sname.*\"}))",
          "refId": "StandardVariableQuery"
        },
        "refresh": 1,
        "regex": "/{} (.*) .*/",
        "skipUrlSync": false,
        "sort": 0,
        "type": "query"
      },
      {
        "current": {
          "selected": false,
          "text": "",
          "value": ""
        },
        "hide": 0,
        "label": "URL筛选(正则)",
        "name": "sname",
        "options": [
          {
            "selected": true,
            "text": "",
            "value": ""
          }
        ],
        "query": "",
        "skipUrlSync": false,
        "type": "textbox"
      }
    ]
  },
  "time": {
    "from": "now-15m",
    "to": "now"
  },
  "timepicker": {
    "refresh_intervals": [
      "10s",
      "30s",
      "1m",
      "5m",
      "15m",
      "30m",
      "1h",
      "2h",
      "1d"
    ],
    "time_options": [
      "5m",
      "15m",
      "1h",
      "6h",
      "12h",
      "24h",
      "2d",
      "7d",
      "30d"
    ]
  },
  "timezone": "browser",
  "title": "Blackbox Exporter Dashboard",
  "uid": "blackbox-exporter",
  "version": 5,
  "weekStart": ""
}